"","V1","V2","V3","V4","V5","V6","V7","V8","V9"
"1",NA,NA,"Elrejtetted ezt az ingatlant és az összes hozzá tartozó hirdetést. Legközelebb nem fog megjelenni a találati listában."," Megjelenítés","190 000 Ft/hó",NA,"Podmaniczky utca 5, VI. kerület",NA,NA
"2",NA,NA,"730 300 Ft/hó",NA,"Hűvösvölgyi út"," II. kerület","130 m² terület","4 szoba",NA
"3",NA,NA,"120 000 Ft/hó",NA,"Törökőr"," XIV. kerület","36 m² terület","1 szoba",NA
"4",NA,NA,"105 000 Ft/hó",NA,"Rózsa utca"," IV. kerület","37 m² terület","1 + 1 fél szoba",NA
"5",NA,NA,"803 330 Ft/hó",NA,"Törökvész"," II. kerület","150 m² terület","6 szoba",NA
"6",NA,NA,"220 000 Ft/hó",NA,"Kéthly Károly utca"," Balatonfüred","28 m² terület","0 + 2 fél szoba",NA
"7",NA,NA,"1 278 025 Ft/hó",NA,"Józsefhegyi utca"," II. kerület","180 m² terület","4 szoba","50 m² erkély"
"8","Régen frissült",NA,"547 725 Ft/hó",NA,"Svábhegy"," XII. kerület","153 m² terület","4 szoba","20 m² erkély"
"9",NA,NA,"438 180 Ft/hó",NA,"Knézich utca"," IX. kerület","80 m² terület","3 szoba",NA
"10",NA,NA,"250 000 Ft/hó",NA,"Danubius utca"," XIII. kerület","67 m² terület","3 szoba","10 m² erkély"
"11",NA,NA,"128 000 Ft/hó",NA,"Tétényi út"," XI. kerület","52 m² terület","2 szoba","4 m² erkély"
"12",NA,NA,"69 000 Ft/hó",NA,"Park utca"," Miskolc","35 m² terület","1 szoba","1 m² erkély"
"13",NA,NA,"100 000 Ft/hó",NA,"Lucsony utca"," Mosonmagyaróvár","42 m² terület","1 szoba",NA
"14",NA,NA,"95 000 Ft/hó",NA,"Szilfákalja"," Hajdúszoboszló","59 m² terület","2 szoba",NA
"15","Régen frissült",NA,"912 875 Ft/hó",NA,"Külső-Terézváros"," VI. kerület","127 m² terület","4 szoba","10 m² erkély"
"16",NA,NA,"Elrejtetted ezt az ingatlant és az összes hozzá tartozó hirdetést. Legközelebb nem fog megjelenni a találati listában."," Megjelenítés","200 000 Ft/hó",NA,"Bródy Sándor utca 9., Eger",NA,NA
"17",NA,NA,"Elrejtetted ezt az ingatlant és az összes hozzá tartozó hirdetést. Legközelebb nem fog megjelenni a találati listában."," Megjelenítés","90 000 Ft/hó",NA,"Damjanich utca, Kaposvár",NA,NA
"18",NA,NA,"310 000 Ft/hó",NA,"Belgrád rakpart"," V. kerület","56 m² terület","2 szoba",NA
"19",NA,NA,"401 665 Ft/hó",NA,"Nagy Ignác utca"," V. kerület","103 m² terület","2 szoba","3 m² erkély"
"20",NA,NA,"270 000 Ft/hó",NA,"Szent Orbán tér 5"," XII. kerület","60 m² terület","3 szoba","3 m² erkély"
"21",NA,NA,"Elrejtetted ezt az ingatlant és az összes hozzá tartozó hirdetést. Legközelebb nem fog megjelenni a találati listában."," Megjelenítés","130 000 Ft/hó",NA,"Palota kert 6/B, Gödöllő",NA,NA
"22",NA,NA,"110 000 Ft/hó",NA,"Murányi utca 38"," VII. kerület","48 m² terület","1 + 1 fél szoba",NA
"23",NA,NA,"100 000 Ft/hó",NA,"Molnár utca"," V. kerület","20 m² terület","1 szoba",NA
"24",NA,NA,"912 875 Ft/hó",NA,"Bimbó út"," II. kerület","200 m² terület","4 + 2 fél szoba","24 m² erkély"
"25",NA,NA,"365 150 Ft/hó",NA,"Nyereg út"," III. kerület","98 m² terület","3 szoba","10 m² erkély"
"26",NA,NA,"1 825 750 Ft/hó",NA,"Bajcsy-Zsilinszky út"," VI. kerület","197 m² terület","4 szoba",NA
"27",NA,NA,"90 000 Ft/hó",NA,"Alpár utca"," VII. kerület","25 m² terület","1 szoba",NA
"28",NA,NA,"657 270 Ft/hó",NA,"Völgy utca"," II. kerület","98 m² terület","4 + 1 fél szoba","10 m² erkély"
"29",NA,NA,"390 000 Ft/hó",NA,"Lónyay utca 46."," IX. kerület","105 m² terület","3 + 1 fél szoba",NA
"30",NA,NA,"130 000 Ft/hó",NA,"Vidra utca"," Győr","40 m² terület","2 szoba",NA
"31","Régen frissült",NA,"259 000 Ft/hó",NA,"Bercsényi utca"," XI. kerület","130 m² terület","4 + 1 fél szoba","5 m² erkély"
"32","Csak szoba",NA,"69 000 Ft/hó",NA,"Bazsalikom utca 34"," XI. kerület","16 m² terület","1 szoba","22 m² erkély"
"33",NA,NA,"80 000 Ft/hó",NA,"Szív utca"," VI. kerület","18 m² terület","1 szoba",NA
"34",NA,NA,"438 180 Ft/hó",NA,"Knézich utca"," IX. kerület","78 m² terület","3 szoba","7 m² erkély"
"35",NA,NA,"255 605 Ft/hó",NA,"Városmajor utca"," XII. kerület","71 m² terület","2 szoba",NA
"36",NA,NA,"110 000 Ft/hó",NA,"Ifjúmunkás utca"," IX. kerület","27 m² terület","1 szoba",NA
"37",NA,NA,"764 989 Ft/hó",NA,"Falk Miksa utca 7"," V. kerület","142 m² terület","3 szoba",NA
"38",NA,NA,"170 000 Ft/hó",NA,"Nyuszi sétány"," XXI. kerület","98 m² terület","3 szoba","2 m² erkély"
"39",NA,NA,"125 000 Ft/hó",NA,"Ördögárok utca"," Veszprém","44 m² terület","1 szoba","4 m² erkély"
"40",NA,NA,"Elrejtetted ezt az ingatlant és az összes hozzá tartozó hirdetést. Legközelebb nem fog megjelenni a találati listában."," Megjelenítés","80 000 Ft/hó",NA,"Velinszky László utca, Dunaújváros",NA,NA
"41",NA,NA,"Elrejtetted ezt az ingatlant és az összes hozzá tartozó hirdetést. Legközelebb nem fog megjelenni a találati listában."," Megjelenítés","350 000 Ft/hó",NA,"Bérc utca, I. kerület",NA,NA
"42",NA,NA,"Elrejtetted ezt az ingatlant és az összes hozzá tartozó hirdetést. Legközelebb nem fog megjelenni a találati listában."," Megjelenítés","150 000 Ft/hó",NA,"Ráday utca, IX. kerület",NA,NA
"43",NA,NA,"350 000 Ft/hó",NA,"Mátyáshegy"," III. kerület","98 m² terület","3 szoba","6 m² erkély"
"44",NA,NA,"220 000 Ft/hó",NA,"Szél utca"," Etyek","105 m² terület","3 szoba","20 m² erkély"
"45",NA,NA,"Elrejtetted ezt az ingatlant és az összes hozzá tartozó hirdetést. Legközelebb nem fog megjelenni a találati listában."," Megjelenítés","279 000 Ft/hó",NA,"Pannónia utca 56, XIII. kerület",NA,NA
"46",NA,NA,"Elrejtetted ezt az ingatlant és az összes hozzá tartozó hirdetést. Legközelebb nem fog megjelenni a találati listában."," Megjelenítés","130 000 Ft/hó",NA,"Somogyi Béla utca, VIII. kerület",NA,NA
"47",NA,NA,"145 000 Ft/hó",NA,"Corvin köz"," VIII. kerület","50 m² terület","2 szoba",NA
"48",NA,NA,"438 180 Ft/hó",NA,"Vigyázó Ferenc utca"," V. kerület","110 m² terület","4 szoba",NA
"49","Csak szoba",NA,"114 000 Ft/hó",NA,"Budapesti út 2"," Szeged","12 m² terület","1 szoba",NA
"50",NA,NA,"175 000 Ft/hó",NA,"Szilágyi Erzsébet utca 3"," Tata","90 m² terület","3 szoba","9 m² erkély"
"51",NA,NA,"547 725 Ft/hó",NA,"Belváros"," V. kerület","123 m² terület","3 szoba",NA
"52",NA,NA,"474 695 Ft/hó",NA,"Deák Ferenc tér"," V. kerület","114 m² terület","4 szoba","1 m² erkély"
"53",NA,NA,"Elrejtetted ezt az ingatlant és az összes hozzá tartozó hirdetést. Legközelebb nem fog megjelenni a találati listában."," Megjelenítés","140 000 Ft/hó",NA,"Marek József utca, VII. kerület",NA,NA
"54",NA,NA,"Elrejtetted ezt az ingatlant és az összes hozzá tartozó hirdetést. Legközelebb nem fog megjelenni a találati listában."," Megjelenítés","119 000 Ft/hó",NA,"Árpád út 51/a, Győr",NA,NA
"55",NA,NA,"200 000 Ft/hó",NA,"Enyedi utca 25"," Velence","90 m² terület","3 szoba","4 m² erkély"
"56",NA,NA,"680 000 Ft/hó",NA,"Szabó Ilonka utca"," I. kerület","149 m² terület","4 szoba","21 m² erkély"
"57",NA,NA,"145 000 Ft/hó",NA,"Podmaniczky utca"," VI. kerület","56 m² terület","2 szoba",NA
"58",NA,NA,"Elrejtetted ezt az ingatlant és az összes hozzá tartozó hirdetést. Legközelebb nem fog megjelenni a találati listában."," Megjelenítés","430 000 Ft/hó",NA,"Pusztaszeri út, II. kerület",NA,NA
"59",NA,NA,"265 000 Ft/hó",NA,"Reáltanoda utca"," V. kerület","83 m² terület","3 szoba",NA
"60",NA,NA,"105 000 Ft/hó",NA,"Bánki Donát utca"," XIV. kerület","29 m² terület","1 szoba","2 m² erkély"
"61",NA,NA,"Elrejtetted ezt az ingatlant és az összes hozzá tartozó hirdetést. Legközelebb nem fog megjelenni a találati listában."," Megjelenítés","220 000 Ft/hó",NA,"Futó utca 15., VIII. kerület",NA,NA
"62",NA,NA,"130 000 Ft/hó",NA,"Szabadság tér"," Jászberény","75 m² terület","4 szoba","5 m² erkély"
"63",NA,NA,"145 000 Ft/hó",NA,"Klauzál tér 13"," VII. kerület","71 m² terület","1 + 1 fél szoba",NA
"64","Új építésű",NA,"89 000 Ft/hó",NA,"Szarvas utca"," Mosonmagyaróvár","24 m² terület","1 szoba","12 m² erkély"
"65",NA,NA,"200 000 Ft/hó",NA,"Steindl Imre utca"," V. kerület","80 m² terület","2 + 1 fél szoba",NA
"66",NA,NA,"195 000 Ft/hó",NA,"Pozsonyi út"," XIII. kerület","60 m² terület","2 szoba",NA
"67",NA,NA,"100 000 Ft/hó",NA,"Ifjúság utca"," Debrecen","43 m² terület","1 + 1 fél szoba","1 m² erkély"
"68","Új építésű",NA,"270 000 Ft/hó",NA,"Teve utca"," XIII. kerület","86 m² terület","2 + 2 fél szoba",NA
"69",NA,NA,"2 373 475 Ft/hó",NA,"Vérhalom"," II. kerület","300 m² terület","6 szoba","40 m² erkély"
"70",NA,NA,"175 000 Ft/hó",NA,"Nádorliget utca"," XI. kerület","54 m² terület","2 szoba","12 m² erkély"
"71",NA,NA,"730 300 Ft/hó",NA,"Szent István park"," XIII. kerület","90 m² terület","3 szoba",NA
"72",NA,NA,"80 000 Ft/hó",NA,"II. Rákóczi Ferenc utca"," Gyöngyös","30 m² terület","1 szoba",NA
"73",NA,NA,"150 000 Ft/hó",NA,"Ráday utca"," IX. kerület","60 m² terület","2 szoba",NA
"74",NA,NA,"657 270 Ft/hó",NA,"Bajcsy-Zsilinszky út 74"," V. kerület","124 m² terület","4 szoba",NA
"75",NA,NA,"160 000 Ft/hó",NA,"Semmelweis utca"," V. kerület","52 m² terület","2 szoba",NA
"76",NA,NA,"328 635 Ft/hó",NA,"Petőfi Sándor utca"," V. kerület","81 m² terület","2 szoba",NA
"77",NA,NA,"650 000 Ft/hó",NA,"Kossuth Lajos tér"," V. kerület","74 m² terület","2 szoba","8 m² erkély"
"78",NA,NA,"90 000 Ft/hó",NA,"Szövetkezet utca 3"," Gyöngyös","54 m² terület","2 szoba","6 m² erkély"
"79",NA,NA,"240 000 Ft/hó",NA,"József körút"," VIII. kerület","64 m² terület","2 szoba",NA
"80",NA,NA,"Elrejtetted ezt az ingatlant és az összes hozzá tartozó hirdetést. Legközelebb nem fog megjelenni a találati listában."," Megjelenítés","320 000 Ft/hó",NA,"Práter utca 22, VIII. kerület",NA,NA
"81",NA,NA,"80 000 Ft/hó",NA,"Eperjesi utca 8. B"," Miskolc","42 m² terület","2 szoba",NA
"82",NA,NA,"255 605 Ft/hó",NA,"Városmajor utca"," XII. kerület","71 m² terület","2 szoba","2 m² erkély"
"83",NA,NA,"Elrejtetted ezt az ingatlant és az összes hozzá tartozó hirdetést. Legközelebb nem fog megjelenni a találati listában."," Megjelenítés","130 000 Ft/hó",NA,"Haller utca 23-25, IX. kerület",NA,NA
"84",NA,NA,"292 120 Ft/hó",NA,"Hegedű utca"," VI. kerület","81 m² terület","4 szoba",NA
"85","Videó elérhető",NA,"120 000 Ft/hó",NA,"Katona József utca"," XIII. kerület","20 m² terület","1 szoba",NA
"86",NA,NA,"190 000 Ft/hó",NA,"Haller utca"," IX. kerület","51 m² terület","2 szoba","4 m² erkély"
"87",NA,NA,"Elrejtetted ezt az ingatlant és az összes hozzá tartozó hirdetést. Legközelebb nem fog megjelenni a találati listában."," Megjelenítés","200 000 Ft/hó",NA,"Szív utca, VI. kerület",NA,NA
"88",NA,NA,"Elrejtetted ezt az ingatlant és az összes hozzá tartozó hirdetést. Legközelebb nem fog megjelenni a találati listában."," Megjelenítés","100 000 Ft/hó",NA,"Petőfi Sándor utca, Kecskemét",NA,NA
"89",NA,NA,"120 000 Ft/hó",NA,"Eszék utca"," XI. kerület","29 m² terület","1 szoba",NA
"90",NA,NA,"120 000 Ft/hó",NA,"Raktár utca"," III. kerület","37 m² terület","1 szoba",NA
"91",NA,NA,"Elrejtetted ezt az ingatlant és az összes hozzá tartozó hirdetést. Legközelebb nem fog megjelenni a találati listában."," Megjelenítés","120 000 Ft/hó",NA,"Batthyány tér 15., Győr",NA,NA
"92","Új építésű",NA,"547 725 Ft/hó",NA,"Zivatar utca"," II. kerület","86 m² terület","3 szoba","10.37 m² erkély"
"93","Új építésű",NA,"355 000 Ft/hó",NA,"Zivatar utca"," II. kerület","59 m² terület","2 szoba","10.37 m² erkély"
"94",NA,NA,"185 000 Ft/hó",NA,"Rózsa utca"," VI. kerület","116 m² terület","3 szoba",NA
"95",NA,NA,"730 300 Ft/hó",NA,"József nádor tér"," V. kerület","100 m² terület","3 + 1 fél szoba",NA
"96",NA,NA,"Elrejtetted ezt az ingatlant és az összes hozzá tartozó hirdetést. Legközelebb nem fog megjelenni a találati listában."," Megjelenítés","115 000 Ft/hó",NA,"Bajcsy-Zsilinszky út, V. kerület",NA,NA
"97",NA,NA,"912 875 Ft/hó",NA,"Lágymányos"," XI. kerület","150 m² terület","2 szoba","116 m² erkély"
"98",NA,NA,"89 900 Ft/hó",NA,"Lujza utca"," VIII. kerület","34 m² terület","1 szoba",NA
"99",NA,NA,"430 000 Ft/hó",NA,"Krisztinaváros - Naphegy"," I. kerület","102 m² terület","4 szoba","4 m² erkély"
"100",NA,NA,"399 000 Ft/hó",NA,"Tópart utca 5-7"," Tata","70 m² terület","3 szoba","30 m² erkély"
"101",NA,NA,"120 000 Ft/hó",NA,"Bajcsy-Zsilinszky utca"," Pécs","64 m² terület","3 szoba",NA
"102",NA,NA,"260 000 Ft/hó",NA,"Mészáros utca 10"," I. kerület","95 m² terület","3 szoba",NA
"103",NA,NA,"90 000 Ft/hó",NA,"Zalagyöngye utca"," Zalakaros","40 m² terület","2 szoba","3 m² erkély"
"104","Régen frissült",NA,"438 180 Ft/hó",NA,"Szent István körút"," V. kerület","100 m² terület","3 szoba",NA
"105",NA,NA,"547 725 Ft/hó",NA,"Fejér György utca"," V. kerület","95 m² terület","3 szoba",NA
"106",NA,NA,"Elrejtetted ezt az ingatlant és az összes hozzá tartozó hirdetést. Legközelebb nem fog megjelenni a találati listában."," Megjelenítés","140 000 Ft/hó",NA,"Horváth Mihály utca 7., Vác",NA,NA
"107",NA,NA,"365 150 Ft/hó",NA,"Paulay Ede utca"," VI. kerület","87 m² terület","3 szoba",NA
"108",NA,NA,"Elrejtetted ezt az ingatlant és az összes hozzá tartozó hirdetést. Legközelebb nem fog megjelenni a találati listában."," Megjelenítés","285 000 Ft/hó",NA,"Hungária utca 14., Pécs",NA,NA
"109",NA,NA,"125 000 Ft/hó",NA,"Katona József utca"," XIII. kerület","39 m² terület","1 szoba","4 m² erkély"
"110",NA,NA,"240 000 Ft/hó",NA,"Soroksári út"," IX. kerület","93 m² terület","3 szoba",NA
"111",NA,NA,"Elrejtetted ezt az ingatlant és az összes hozzá tartozó hirdetést. Legközelebb nem fog megjelenni a találati listában."," Megjelenítés","80 000 Ft/hó",NA,"Árpád körút, Kecskemét",NA,NA
"112",NA,NA,"100 000 Ft/hó",NA,"Józsefváros - Corvinnegyed"," VIII. kerület","26 m² terület","1 szoba",NA
"113",NA,NA,"Elrejtetted ezt az ingatlant és az összes hozzá tartozó hirdetést. Legközelebb nem fog megjelenni a találati listában."," Megjelenítés","90 000 Ft/hó",NA,"Beszédes József sétány, Siófok",NA,NA
"114",NA,NA,"383 408 Ft/hó",NA,"Lechner Ödön fasor"," IX. kerület","104 m² terület","3 szoba",NA
"115","Régen frissült",NA,"949 390 Ft/hó",NA,"József Attila utca"," V. kerület","137 m² terület","3 szoba",NA
"116",NA,NA,"540 000 Ft/hó",NA,"Bartók Béla út 10-12"," XI. kerület","196 m² terület","6 szoba",NA
"117",NA,NA,"Elrejtetted ezt az ingatlant és az összes hozzá tartozó hirdetést. Legközelebb nem fog megjelenni a találati listában."," Megjelenítés","150 000 Ft/hó",NA,"Sárgarigó utca 19, Balatonberény",NA,NA
"118",NA,NA,"22 000 Ft/hó",NA,"II. Rákóczi Ferenc utca 31."," Eger","13 m² terület","1 szoba",NA
"119","Csak szoba",NA,"50 000 Ft/hó",NA,"Ipar utca 7."," IX. kerület","18 m² terület","1 szoba","6 m² erkély"
"120",NA,NA,"150 000 Ft/hó",NA,"Diana utca"," XII. kerület","57 m² terület","2 + 1 fél szoba","8 m² erkély"
"121","Csak szoba",NA,"72 000 Ft/hó",NA,"Gárdonyi tér 3"," XI. kerület","29 m² terület","1 szoba",NA
"122",NA,NA,"199 000 Ft/hó",NA,"Kuruclesi út"," II. kerület","65 m² terület","2 szoba","6 m² erkély"
"123",NA,NA,"70 000 Ft/hó",NA,"Hunyadi tér"," XIX. kerület","20 m² terület","1 szoba","5 m² erkély"
"124",NA,NA,"Elrejtetted ezt az ingatlant és az összes hozzá tartozó hirdetést. Legközelebb nem fog megjelenni a találati listában."," Megjelenítés","120 000 Ft/hó",NA,"Margit körút, II. kerület",NA,NA
"125",NA,NA,"99 000 Ft/hó",NA,"Tahi utca"," XIII. kerület","40 m² terület","1 szoba",NA
"126",NA,NA,"Elrejtetted ezt az ingatlant és az összes hozzá tartozó hirdetést. Legközelebb nem fog megjelenni a találati listában."," Megjelenítés","200 000 Ft/hó",NA,"Pozsonyi út 25., XIII. kerület",NA,NA
"127",NA,NA,"140 000 Ft/hó",NA,"Irányi utca"," V. kerület","33 m² terület","1 szoba",NA
"128",NA,NA,"240 000 Ft/hó",NA,"Aradi utca"," VI. kerület","74 m² terület","3 + 1 fél szoba",NA
"129",NA,NA,"160 000 Ft/hó",NA,"Marek József utca"," VII. kerület","55 m² terület","2 szoba",NA
"130",NA,NA,"160 000 Ft/hó",NA,"Érd",NA,"60 m² terület","2 + 1 fél szoba",NA
"131",NA,NA,"240 000 Ft/hó",NA,"Kende utca"," XI. kerület","80 m² terület","2 szoba","6 m² erkély"
"132",NA,NA,"120 000 Ft/hó",NA,"Zsolnay Vilmos utca"," XIV. kerület","30 m² terület","1 szoba","5 m² erkély"
"133","Csak szoba",NA,"105 000 Ft/hó",NA,"Szabolcska Mihály utca"," XI. kerület","22 m² terület","1 + 1 fél szoba","5 m² erkély"
"134","Új építésű",NA,"170 000 Ft/hó",NA,"Dorozsmai utca 203"," XIV. kerület","53 m² terület","2 szoba","5 m² erkély"
"135",NA,NA,"280 000 Ft/hó",NA,"Arany János utca"," XXII. kerület","75 m² terület","2 + 1 fél szoba","10 m² erkély"
"136",NA,NA,"150 000 Ft/hó",NA,"Hungária utca"," Pécs","63 m² terület","3 szoba",NA
"137",NA,NA,"Elrejtetted ezt az ingatlant és az összes hozzá tartozó hirdetést. Legközelebb nem fog megjelenni a találati listában."," Megjelenítés","100 000 Ft/hó",NA,"Kossuth Lajos utca, Miskolc",NA,NA
"138",NA,NA,"100 000 Ft/hó",NA,"Palota kert"," Gödöllő","44 m² terület","1 szoba",NA
"139",NA,NA,"Elrejtetted ezt az ingatlant és az összes hozzá tartozó hirdetést. Legközelebb nem fog megjelenni a találati listában."," Megjelenítés","120 000 Ft/hó",NA,"Bányató utca 15, X. kerület",NA,NA
"140",NA,NA,"657 270 Ft/hó",NA,"Újlipótváros"," XIII. kerület","130 m² terület","3 szoba","2 m² erkély"
"141",NA,NA,"290 000 Ft/hó",NA,"Szív utca"," VI. kerület","71 m² terület","2 + 1 fél szoba",NA
"142",NA,NA,"160 000 Ft/hó",NA,"Zöld utca 28."," Győr","70 m² terület","3 szoba",NA
"143",NA,NA,"84 000 Ft/hó",NA,"Szondi utca"," VI. kerület","24 m² terület","1 szoba",NA
"144",NA,NA,"399 000 Ft/hó",NA,"Dániel út 54"," XII. kerület","84 m² terület","3 szoba",NA
"145",NA,NA,"1 022 420 Ft/hó",NA,"Szemere utca"," V. kerület","152 m² terület","5 szoba",NA
"146",NA,NA,"456 438 Ft/hó",NA,"Molnár utca"," V. kerület","100 m² terület","3 szoba","3 m² erkély"
"147",NA,NA,"693 785 Ft/hó",NA,"Kissvábhegy"," XII. kerület","140 m² terület","4 szoba",NA
"148",NA,NA,"298 000 Ft/hó",NA,"Hajós utca"," VI. kerület","85 m² terület","3 szoba",NA
"149",NA,NA,"125 000 Ft/hó",NA,"Aulich Lajos utca 21."," Veszprém","50 m² terület","2 szoba","10 m² erkély"
"150",NA,NA,"Elrejtetted ezt az ingatlant és az összes hozzá tartozó hirdetést. Legközelebb nem fog megjelenni a találati listában."," Megjelenítés","114 000 Ft/hó",NA,"Kárpát utca 13, XIII. kerület",NA,NA
"151","Csak szoba",NA,"75 000 Ft/hó",NA,"Nagy Lajos király útja"," XIV. kerület","12 m² terület","1 szoba","8 m² erkély"
"152",NA,NA,"584 240 Ft/hó",NA,"Lipótváros"," V. kerület","100 m² terület","3 szoba",NA
"153","Új építésű",NA,"350 000 Ft/hó",NA,"Rózsa utca"," VI. kerület","68 m² terület","3 szoba","27 m² erkély"
"154",NA,NA,"150 000 Ft/hó",NA,"Gőzmozdony utca"," X. kerület","68 m² terület","3 szoba","3 m² erkély"
"155","Új építésű",NA,"250 000 Ft/hó",NA,"Lumniczer Sándor utca 2."," Gödöllő","76 m² terület","3 szoba","2 m² erkély"
"156",NA,NA,"45 000 Ft/hó",NA,"Kisfaludy utca 41"," Győr","88 m² terület","1 szoba",NA
"157","Új építésű",NA,"326 000 Ft/hó",NA,"Budakeszi út"," II. kerület","70 m² terület","2 szoba",NA
"158","Új építésű",NA,"400 000 Ft/hó",NA,"Debrecen"," Nagyerdő","129 m² terület","4 szoba","80 m² erkély"
"159",NA,NA,"110 000 Ft/hó",NA,"Marek József utca"," VII. kerület","37 m² terület","2 szoba",NA
"160",NA,NA,"75 000 Ft/hó",NA,"Postakert utca"," Nagykanizsa","47 m² terület","1 + 1 fél szoba","4 m² erkély"
"161",NA,NA,"120 000 Ft/hó",NA,"Erzsébet körút"," VII. kerület","50 m² terület","1 szoba",NA
"162",NA,NA,"764 989 Ft/hó",NA,"Falk Miksa utca"," V. kerület","142 m² terület","3 szoba",NA
"163",NA,NA,"Elrejtetted ezt az ingatlant és az összes hozzá tartozó hirdetést. Legközelebb nem fog megjelenni a találati listában."," Megjelenítés","130 000 Ft/hó",NA,"Malom utca, Szeged",NA,NA
"164","Régen frissült",NA,"219 090 Ft/hó",NA,"Bajcsy-Zsilinszky út 31"," VI. kerület","48 m² terület","1 szoba",NA
"165",NA,NA,"Elrejtetted ezt az ingatlant és az összes hozzá tartozó hirdetést. Legközelebb nem fog megjelenni a találati listában."," Megjelenítés","90 000 Ft/hó",NA,"Hegyalja út, Miskolc",NA,NA
"166",NA,NA,"155 000 Ft/hó",NA,"Thököly út"," XIV. kerület","90 m² terület","2 szoba",NA
"167",NA,NA,"219 090 Ft/hó",NA,"Bajcsy-Zsilinszky út"," VI. kerület","60 m² terület","2 szoba",NA
"168","Csak szoba",NA,"60 000 Ft/hó",NA,"Zrínyi utca"," XIX. kerület","15 m² terület","6 szoba",NA
"169",NA,NA,"730 300 Ft/hó",NA,"Csalán út"," II. kerület","145 m² terület","60 szoba",NA
"170",NA,NA,"Elrejtetted ezt az ingatlant és az összes hozzá tartozó hirdetést. Legközelebb nem fog megjelenni a találati listában."," Megjelenítés","90 000 Ft/hó",NA,"Budai út, Győr",NA,NA
"171",NA,NA,"430 000 Ft/hó",NA,"Báthory utca"," V. kerület","97 m² terület","3 szoba",NA
"172",NA,NA,"858 103 Ft/hó",NA,"Vérhalom utca"," II. kerület","147 m² terület","5 szoba","25 m² erkély"
"173",NA,NA,"190 000 Ft/hó",NA,"Szurmai utca"," Hajdúszoboszló","67 m² terület","2 szoba","9 m² erkély"
"174",NA,NA,"149 900 Ft/hó",NA,"Csata utca"," XIII. kerület","50 m² terület","2 szoba","4 m² erkély"
"175",NA,NA,"456 438 Ft/hó",NA,"Molnár utca"," V. kerület","99 m² terület","3 szoba","3 m² erkély"
"176",NA,NA,"Elrejtetted ezt az ingatlant és az összes hozzá tartozó hirdetést. Legközelebb nem fog megjelenni a találati listában."," Megjelenítés","120 000 Ft/hó",NA,"Füzér utca 30, X. kerület",NA,NA
"177",NA,NA,"146 060 Ft/hó",NA,"Vasvári Pál utca"," VI. kerület","30 m² terület","1 szoba",NA
"178",NA,NA,"730 300 Ft/hó",NA,"Nagybányai út"," II. kerület","150 m² terület","5 szoba","17 m² erkély"
"179",NA,NA,"80 000 Ft/hó",NA,"Martini utca"," Kiskőrös","50 m² terület","2 szoba",NA
"180",NA,NA,"88 000 Ft/hó",NA,"Szív utca"," VI. kerület","30 m² terület","1 szoba",NA
"181",NA,NA,"Elrejtetted ezt az ingatlant és az összes hozzá tartozó hirdetést. Legközelebb nem fog megjelenni a találati listában."," Megjelenítés","170 000 Ft/hó",NA,"Dembinszky utca, VII. kerület",NA,NA
"182","Új építésű",NA,"170 000 Ft/hó",NA,"Kondorosi út 8/b"," XI. kerület","40 m² terület","2 szoba","20 m² erkély"
"183",NA,NA,"730 300 Ft/hó",NA,"Zöldkert út"," II. kerület","90 m² terület","3 szoba","6 m² erkély"
"184",NA,NA,"170 000 Ft/hó",NA,"Aranykéz utca"," V. kerület","30 m² terület","1 szoba",NA
"185",NA,NA,"52 000 Ft/hó",NA,"Nagy Fuvaros utca 10"," VIII. kerület","76 m² terület","1 + 3 fél szoba",NA
"186",NA,NA,"547 725 Ft/hó",NA,"Molnár utca"," V. kerület","99 m² terület","3 szoba","3 m² erkély"
"187",NA,NA,"188 000 Ft/hó",NA,"Teréz körút 4"," VI. kerület","73 m² terület","2 szoba",NA
"188",NA,NA,"438 180 Ft/hó",NA,"Wesselényi utca"," VII. kerület","84 m² terület","3 szoba","1 m² erkély"
"189",NA,NA,"Elrejtetted ezt az ingatlant és az összes hozzá tartozó hirdetést. Legközelebb nem fog megjelenni a találati listában."," Megjelenítés","130 000 Ft/hó",NA,"Váci út, XIII. kerület",NA,NA
"190",NA,NA,"120 000 Ft/hó",NA,"Losonci tér"," VIII. kerület","50 m² terület","2 szoba",NA
"191",NA,NA,"535 000 Ft/hó",NA,"Városligeti fasor"," VI. kerület","150 m² terület","4 szoba",NA
"192",NA,NA,"Elrejtetted ezt az ingatlant és az összes hozzá tartozó hirdetést. Legközelebb nem fog megjelenni a találati listában."," Megjelenítés","130 000 Ft/hó",NA,"Erdő utca, Budakeszi",NA,NA
"193",NA,NA,"66 000 Ft/hó",NA,"Podmaniczky utca 91."," VI. kerület","20 m² terület","1 szoba","4 m² erkély"
"194",NA,NA,"803 330 Ft/hó",NA,"Rózsadomb"," II. kerület","108 m² terület","3 szoba","88 m² erkély"
"195",NA,NA,"60 000 Ft/hó",NA,"Czobor utca"," XIV. kerület","10 m² terület","1 szoba",NA
"196","Új építésű",NA,"741 985 Ft/hó",NA,"Víziváros - Váralja"," I. kerület","83 m² terület","3 szoba","10 m² erkély"
"197","Új építésű",NA,"180 000 Ft/hó",NA,"Rahó utca 3"," XI. kerület","48 m² terület","2 szoba","8 m² erkély"
"198",NA,NA,"250 000 Ft/hó",NA,"Petőfi tér"," V. kerület","83 m² terület","2 szoba","5 m² erkély"
"199",NA,NA,"90 000 Ft/hó",NA,"Molnár József utca"," XIX. kerület","37 m² terület","1 szoba",NA
"200",NA,NA,"99 000 Ft/hó",NA,"Jókai utca 8"," VI. kerület","35 m² terület","1 szoba",NA
"201",NA,NA,"220 000 Ft/hó",NA,"Erkel utca"," IX. kerület","80 m² terület","3 szoba",NA
"202","Új építésű",NA,"135 000 Ft/hó",NA,"Vasúti villasor"," Szentendre","44 m² terület","1 + 1 fél szoba",NA
"203",NA,NA,"Elrejtetted ezt az ingatlant és az összes hozzá tartozó hirdetést. Legközelebb nem fog megjelenni a találati listában."," Megjelenítés","170 000 Ft/hó",NA,"Katicabogár utca, Diósd",NA,NA
"204","Új építésű",NA,"140 000 Ft/hó",NA,"Visegrádi utca"," XIII. kerület","45 m² terület","1 + 1 fél szoba",NA
"205",NA,NA,"Elrejtetted ezt az ingatlant és az összes hozzá tartozó hirdetést. Legközelebb nem fog megjelenni a találati listában."," Megjelenítés","399 000 Ft/hó",NA,"Markó utca 1., V. kerület",NA,NA
"206",NA,NA,"Elrejtetted ezt az ingatlant és az összes hozzá tartozó hirdetést. Legközelebb nem fog megjelenni a találati listában."," Megjelenítés","70 000 Ft/hó",NA,"Balogh Béla utca 8, Szolnok",NA,NA
"207",NA,NA,"Elrejtetted ezt az ingatlant és az összes hozzá tartozó hirdetést. Legközelebb nem fog megjelenni a találati listában."," Megjelenítés","138 900 Ft/hó",NA,"Mihály utca, I. kerület",NA,NA
"208",NA,NA,"360 000 Ft/hó",NA,"Zichy Jenő utca"," VI. kerület","98 m² terület","3 szoba",NA
"209",NA,NA,"492 953 Ft/hó",NA,"Andrássy út"," VI. kerület","97 m² terület","3 szoba",NA
"210",NA,NA,"150 000 Ft/hó",NA,"Vágás utca"," XVI. kerület","40 m² terület","1 + 1 fél szoba",NA
"211",NA,NA,"85 000 Ft/hó",NA,"Gilice tér"," XVIII. kerület","20 m² terület","0 + 1 fél szoba",NA
"212",NA,NA,"492 953 Ft/hó",NA,"Báthory utca"," V. kerület","97 m² terület","2 + 1 fél szoba",NA
"213",NA,NA,"149 900 Ft/hó",NA,"Lehel utca 68"," XIII. kerület","43 m² terület","2 szoba","23 m² erkély"
"214",NA,NA,"Elrejtetted ezt az ingatlant és az összes hozzá tartozó hirdetést. Legközelebb nem fog megjelenni a találati listában."," Megjelenítés","120 000 Ft/hó",NA,"Fácán sor, Gödöllő",NA,NA
"215",NA,NA,"Elrejtetted ezt az ingatlant és az összes hozzá tartozó hirdetést. Legközelebb nem fog megjelenni a találati listában."," Megjelenítés","170 000 Ft/hó",NA,"Petneházy utca, XIII. kerület",NA,NA
"216",NA,NA,"85 000 Ft/hó",NA,"Váci út"," XIII. kerület","35 m² terület","1 + 1 fél szoba",NA
"217",NA,NA,"150 000 Ft/hó",NA,"Andrássy út"," VI. kerület","55 m² terület","2 szoba",NA
"218",NA,NA,"252 154 Ft/hó",NA,"Sobieski János utca"," IX. kerület","97 m² terület","3 szoba",NA
"219",NA,NA,"120 000 Ft/hó",NA,"Kálvin tér"," Debrecen","61 m² terület","2 szoba","3 m² erkély"
"220",NA,NA,"Elrejtetted ezt az ingatlant és az összes hozzá tartozó hirdetést. Legközelebb nem fog megjelenni a találati listában."," Megjelenítés","200 000 Ft/hó",NA,"Galgóczi Erzsébet utca, Győr",NA,NA
"221",NA,NA,"110 000 Ft/hó",NA,"Fürdő sor"," Székesfehérvár","55 m² terület","2 szoba","5 m² erkély"
"222",NA,NA,"249 000 Ft/hó",NA,"Semmelweis utca"," V. kerület","80 m² terület","2 szoba",NA
"223","Régen frissült",NA,"547 725 Ft/hó",NA,"Báthory utca"," V. kerület","140 m² terület","3 szoba",NA
"224",NA,NA,"759 000 Ft/hó",NA,"Rózsadomb"," II. kerület","147 m² terület","3 szoba","90 m² erkély"
"225",NA,NA,"130 000 Ft/hó",NA,"Kondorosi út"," XI. kerület","30 m² terület","1 + 1 fél szoba",NA
"226",NA,NA,"365 150 Ft/hó",NA,"Víziváros"," I. kerület","75 m² terület","1 szoba","4 m² erkély"
"227",NA,NA,"Elrejtetted ezt az ingatlant és az összes hozzá tartozó hirdetést. Legközelebb nem fog megjelenni a találati listában."," Megjelenítés","180 000 Ft/hó",NA,"Fő utca 40, I. kerület",NA,NA
"228",NA,NA,"Elrejtetted ezt az ingatlant és az összes hozzá tartozó hirdetést. Legközelebb nem fog megjelenni a találati listában."," Megjelenítés","100 000 Ft/hó",NA,"Tavasz utca, Szeged",NA,NA
"229",NA,NA,"110 000 Ft/hó",NA,"Mancz János utca"," Székesfehérvár","51 m² terület","2 szoba",NA
"230","Csak szoba",NA,"89 900 Ft/hó",NA,"Máramaros út"," III. kerület","40 m² terület","1 szoba",NA
"231",NA,NA,"775 000 Ft/hó",NA,"Rózsadomb"," II. kerület","170 m² terület","5 szoba","15 m² erkély"
"232",NA,NA,"185 000 Ft/hó",NA,"Szinyei Merse utca"," VI. kerület","48 m² terület","2 szoba","3 m² erkély"
"233","Új építésű",NA,"180 000 Ft/hó",NA,"Király utca"," VI. kerület","42 m² terület","1 + 1 fél szoba","6 m² erkély"
"234",NA,NA,"Elrejtetted ezt az ingatlant és az összes hozzá tartozó hirdetést. Legközelebb nem fog megjelenni a találati listában."," Megjelenítés","140 000 Ft/hó",NA,"Torontál utca, XIV. kerület",NA,NA
"235",NA,NA,"Elrejtetted ezt az ingatlant és az összes hozzá tartozó hirdetést. Legközelebb nem fog megjelenni a találati listában."," Megjelenítés","170 000 Ft/hó",NA,"Nagymező utca 8., VI. kerület",NA,NA
"236",NA,NA,"50 000 Ft/hó",NA,"Mátray utca"," I. kerület","18 m² terület","1 szoba",NA
"237",NA,NA,"170 000 Ft/hó",NA,"Sztregova utca"," XI. kerület","53 m² terület","1 + 2 fél szoba","6 m² erkély"
"238",NA,NA,"140 000 Ft/hó",NA,"Sáfrány utca 52"," XI. kerület","45 m² terület","1 + 1 fél szoba",NA
"239",NA,NA,"50 000 Ft/hó",NA,"Aladár utca"," I. kerület","60 m² terület","2 szoba",NA
"240",NA,NA,"110 000 Ft/hó",NA,"Lágymányosi utca 4."," XI. kerület","34 m² terület","1 szoba",NA
"241",NA,NA,"1 058 935 Ft/hó",NA,"Víziváros - Váralja"," I. kerület","112 m² terület","3 szoba","50 m² erkély"
"242",NA,NA,"730 300 Ft/hó",NA,"Belső-Terézváros"," VI. kerület","135 m² terület","2 + 2 fél szoba","12 m² erkély"
"243","Új építésű",NA,"328 635 Ft/hó",NA,"Király utca"," VI. kerület","62 m² terület","3 szoba","5 m² erkély"
"244",NA,NA,"250 000 Ft/hó",NA,"Dunaújváros",NA,"90 m² terület","4 szoba",NA
"245",NA,NA,"Elrejtetted ezt az ingatlant és az összes hozzá tartozó hirdetést. Legközelebb nem fog megjelenni a találati listában."," Megjelenítés","120 000 Ft/hó",NA,"Thaly Kálmán utca, IX. kerület",NA,NA
"246",NA,NA,"440 000 Ft/hó",NA,"Cserje utca"," II. kerület","140 m² terület","4 szoba",NA
"247",NA,NA,"140 000 Ft/hó",NA,"Király utca"," VII. kerület","70 m² terület","2 szoba",NA
"248","Új építésű"," Csak szoba","55 000 Ft/hó",NA,"Legénysor utca 2."," Kaposvár","20 m² terület","1 szoba",NA
"249",NA,NA,"Elrejtetted ezt az ingatlant és az összes hozzá tartozó hirdetést. Legközelebb nem fog megjelenni a találati listában."," Megjelenítés","170 000 Ft/hó",NA,"Lágymányos, XI. kerület",NA,NA
"250",NA,NA,"130 000 Ft/hó",NA,"Szentháromság utca"," Szeged","60 m² terület","3 szoba",NA
"251",NA,NA,"876 360 Ft/hó",NA,"Dolgos utca"," XII. kerület","130 m² terület","5 szoba","4 m² erkély"
"252",NA,NA,"912 875 Ft/hó",NA,"Víziváros - Váralja"," I. kerület","114 m² terület","3 szoba",NA
"253",NA,NA,"Elrejtetted ezt az ingatlant és az összes hozzá tartozó hirdetést. Legközelebb nem fog megjelenni a találati listában."," Megjelenítés","120 000 Ft/hó",NA,"Kiss József utca 19, VIII. kerület",NA,NA
"254",NA,NA,"140 000 Ft/hó",NA,"Paulay Ede utca"," VI. kerület","50 m² terület","2 szoba",NA
"255",NA,NA,"Elrejtetted ezt az ingatlant és az összes hozzá tartozó hirdetést. Legközelebb nem fog megjelenni a találati listában."," Megjelenítés","130 000 Ft/hó",NA,"Kőris utca 23-29., VIII. kerület",NA,NA
"256",NA,NA,"135 000 Ft/hó",NA,"Cseresznyés utca 1."," Dunakeszi","40 m² terület","1 + 1 fél szoba",NA
"257","Videó elérhető",NA,"345 000 Ft/hó",NA,"Pasarét"," II. kerület","130 m² terület","3 szoba","160 m² erkély"
"258",NA,NA,"160 000 Ft/hó",NA,"Somogyi Béla utca"," VIII. kerület","43 m² terület","2 szoba","2 m² erkély"
"259","Csak szoba",NA,"50 000 Ft/hó",NA,"Kenderesi út"," Piliscsaba","20 m² terület","1 szoba",NA
"260",NA,NA,"160 000 Ft/hó",NA,"Weiner Leó utca"," VI. kerület","93 m² terület","3 szoba",NA
"261",NA,NA,"150 000 Ft/hó",NA,"Törökőr utca"," XIV. kerület","50 m² terület","2 szoba","3 m² erkély"
"262",NA,NA,"1 022 420 Ft/hó",NA,"Belső-Terézváros"," VI. kerület","130 m² terület","3 szoba",NA
"263",NA,NA,"730 300 Ft/hó",NA,"Lepke utca"," II. kerület","100 m² terület","3 szoba","133 m² erkély"
"264","Új építésű",NA,"1 095 450 Ft/hó",NA,"Hárshegyi út"," II. kerület","210 m² terület","5 szoba","8 m² erkély"
"265",NA,NA,"170 000 Ft/hó",NA,"Párizsi utca"," V. kerület","60 m² terület","2 szoba","5 m² erkély"
"266",NA,NA,"Elrejtetted ezt az ingatlant és az összes hozzá tartozó hirdetést. Legközelebb nem fog megjelenni a találati listában."," Megjelenítés","90 000 Ft/hó",NA,"Zalagyöngye utca, Zalakaros",NA,NA
"267",NA,NA,"438 180 Ft/hó",NA,"Corvin sétány 3"," VIII. kerület","78 m² terület","3 szoba","9 m² erkély"
"268","Új építésű",NA,"450 000 Ft/hó",NA,"Bujdosó köz 3"," II. kerület","100 m² terület","3 szoba","50 m² erkély"
"269",NA,NA,"240 000 Ft/hó",NA,"Váci utca"," V. kerület","72 m² terület","2 szoba","4 m² erkély"
"270","Régen frissült",NA,"419 923 Ft/hó",NA,"Király utca"," VII. kerület","138 m² terület","4 szoba",NA
"271",NA,NA,"438 180 Ft/hó",NA,"Törökvész lejtő"," II. kerület","86 m² terület","3 szoba","20 m² erkély"
"272",NA,NA,"328 635 Ft/hó",NA,"Róka utca"," I. kerület","80 m² terület","3 szoba",NA
"273",NA,NA,"Elrejtetted ezt az ingatlant és az összes hozzá tartozó hirdetést. Legközelebb nem fog megjelenni a találati listában."," Megjelenítés","50 000 Ft/hó",NA,"Árpád út, Győr",NA,NA
"274",NA,NA,"401 665 Ft/hó",NA,"Nagy Ignác utca"," V. kerület","103 m² terület","3 szoba","2 m² erkély"
"275","Új építésű",NA,"657 270 Ft/hó",NA,"Bajcsy-Zsilinszky út"," V. kerület","100 m² terület","3 + 1 fél szoba",NA
"276",NA,NA,"Elrejtetted ezt az ingatlant és az összes hozzá tartozó hirdetést. Legközelebb nem fog megjelenni a találati listában."," Megjelenítés","370 000 Ft/hó",NA,"Szalay utca 3., V. kerület",NA,NA
"277",NA,NA,"Elrejtetted ezt az ingatlant és az összes hozzá tartozó hirdetést. Legközelebb nem fog megjelenni a találati listában."," Megjelenítés","175 000 Ft/hó",NA,"Ó utca, VI. kerület",NA,NA
"278",NA,NA,"180 000 Ft/hó",NA,"Szinyei Merse utca 25"," VI. kerület","100 m² terület","3 szoba",NA
"279",NA,NA,"Elrejtetted ezt az ingatlant és az összes hozzá tartozó hirdetést. Legközelebb nem fog megjelenni a találati listában."," Megjelenítés","155 000 Ft/hó",NA,"Hosszúréti utca 43., XI. kerület",NA,NA
"280",NA,NA,"Elrejtetted ezt az ingatlant és az összes hozzá tartozó hirdetést. Legközelebb nem fog megjelenni a találati listában."," Megjelenítés","180 000 Ft/hó",NA,"Margit körút, II. kerület",NA,NA
"281",NA,NA,"Elrejtetted ezt az ingatlant és az összes hozzá tartozó hirdetést. Legközelebb nem fog megjelenni a találati listában."," Megjelenítés","125 000 Ft/hó",NA,"Vitéz utca, II. kerület",NA,NA
"282",NA,NA,"125 000 Ft/hó",NA,"Izabella utca"," VII. kerület","30 m² terület","1 szoba",NA
"283",NA,NA,"139 000 Ft/hó",NA,"Jagelló út 20."," XII. kerület","39 m² terület","2 szoba",NA
"284",NA,NA,"657 270 Ft/hó",NA,"Zrínyi utca"," V. kerület","101 m² terület","3 szoba",NA
"285",NA,NA,"365 150 Ft/hó",NA,"Ferenciek tere"," V. kerület","67 m² terület","2 szoba",NA
"286",NA,NA,"105 000 Ft/hó",NA,"Kaffka Margit utca"," XIV. kerület","36 m² terület","1 szoba",NA
"287",NA,NA,"547 725 Ft/hó",NA,"Zoltán utca"," V. kerület","86 m² terület","3 szoba","10 m² erkély"
"288",NA,NA,"250 000 Ft/hó",NA,"Jókai utca"," VI. kerület","105 m² terület","4 szoba",NA
"289",NA,NA,"912 875 Ft/hó",NA,"Balogvár utca"," II. kerület","116 m² terület","4 szoba","150 m² erkély"
"290",NA,NA,"Elrejtetted ezt az ingatlant és az összes hozzá tartozó hirdetést. Legközelebb nem fog megjelenni a találati listában."," Megjelenítés","90 000 Ft/hó",NA,"Kossuth Lajos utca, Hévíz",NA,NA
"291",NA,NA,"160 000 Ft/hó",NA,"Margó Tivadar utca"," XVIII. kerület","49 m² terület","1 + 1 fél szoba","3 m² erkély"
"292",NA,NA,"145 000 Ft/hó",NA,"Angyalföldi út 41"," XIII. kerület","58 m² terület","1 + 2 fél szoba",NA
"293",NA,NA,"Elrejtetted ezt az ingatlant és az összes hozzá tartozó hirdetést. Legközelebb nem fog megjelenni a találati listában."," Megjelenítés","180 000 Ft/hó",NA,"II. Rákóczi Ferenc út 107-115, XXI. kerület",NA,NA
"294",NA,NA,"800 000 Ft/hó",NA,"Balogh Ádám utca"," II. kerület","160 m² terület","4 szoba","27 m² erkély"
"295",NA,NA,"250 000 Ft/hó",NA,"Kelenhegyi út"," XI. kerület","70 m² terület","2 szoba","10 m² erkély"
"296","Régen frissült",NA,"292 120 Ft/hó",NA,"Madách Imre út"," VII. kerület","65 m² terület","2 szoba","4 m² erkély"
"297",NA,NA,"160 000 Ft/hó",NA,"Középső-Erzsébetváros"," VII. kerület","50 m² terület","3 szoba",NA
"298",NA,NA,"320 000 Ft/hó",NA,"Károly körút"," VII. kerület","86 m² terület","3 szoba","15 m² erkély"
"299",NA,NA,"45 000 Ft/hó",NA,"Kerék utca"," III. kerület","20 m² terület","1 szoba","2 m² erkély"
"300",NA,NA,"165 000 Ft/hó",NA,"Síp utca"," VII. kerület","45 m² terület","1 + 1 fél szoba",NA
"301",NA,NA,"765 000 Ft/hó",NA,"Marina sétány 1."," XIII. kerület","105 m² terület","3 szoba","50 m² erkély"
"302",NA,NA,"219 090 Ft/hó",NA,"Gellérthegy utca"," I. kerület","41 m² terület","2 szoba",NA
"303",NA,NA,"110 000 Ft/hó",NA,"Pesti út"," XVII. kerület","45 m² terület","1 + 1 fél szoba",NA
"304",NA,NA,"Elrejtetted ezt az ingatlant és az összes hozzá tartozó hirdetést. Legközelebb nem fog megjelenni a találati listában."," Megjelenítés","125 000 Ft/hó",NA,"Ilka utca 25-27, XIV. kerület",NA,NA
"305",NA,NA,"104 000 Ft/hó",NA,"Hársfa utca"," VII. kerület","35 m² terület","1 szoba",NA
"306",NA,NA,"803 330 Ft/hó",NA,"Belső-Terézváros"," VI. kerület","131 m² terület","3 szoba",NA
"307",NA,NA,"Elrejtetted ezt az ingatlant és az összes hozzá tartozó hirdetést. Legközelebb nem fog megjelenni a találati listában."," Megjelenítés","140 000 Ft/hó",NA,"Viola utca, IX. kerület",NA,NA
"308",NA,NA,"380 000 Ft/hó",NA,"Szent István tér 4"," V. kerület","77 m² terület","2 + 1 fél szoba","2 m² erkély"
"309","Régen frissült",NA,"399 000 Ft/hó",NA,"Pasaréti út"," II. kerület","95 m² terület","3 szoba","7 m² erkély"
"310",NA,NA,"1 095 450 Ft/hó",NA,"Rézmál"," II. kerület","150 m² terület","4 szoba","15 m² erkély"
"311",NA,NA,"135 000 Ft/hó",NA,"Vörösmarty utca"," Esztergom","45 m² terület","1 + 1 fél szoba",NA
"312",NA,NA,"250 000 Ft/hó",NA,"Naphegy tér"," I. kerület","41 m² terület","1 szoba","2 m² erkély"
"313",NA,NA,"90 000 Ft/hó",NA,"Hűvösvölgyi út"," II. kerület","39 m² terület","1 szoba",NA
"314",NA,NA,"Elrejtetted ezt az ingatlant és az összes hozzá tartozó hirdetést. Legközelebb nem fog megjelenni a találati listában."," Megjelenítés","140 000 Ft/hó",NA,"Levél utca, Vác",NA,NA
"315",NA,NA,"584 240 Ft/hó",NA,"Városkúti út"," XII. kerület","140 m² terület","4 szoba",NA
"316",NA,NA,"Elrejtetted ezt az ingatlant és az összes hozzá tartozó hirdetést. Legközelebb nem fog megjelenni a találati listában."," Megjelenítés","100 000 Ft/hó",NA,"Víztükör utca, Győr",NA,NA
"317",NA,NA,"584 240 Ft/hó",NA,"Rácz Aladár út"," XII. kerület","150 m² terület","5 szoba","20 m² erkély"
"318",NA,NA,"200 833 Ft/hó",NA,"Aradi utca 38"," VI. kerület","61 m² terület","2 szoba",NA
"319",NA,NA,"145 000 Ft/hó",NA,"Vörösmarty utca"," Esztergom","45 m² terület","1 szoba",NA
"320",NA,NA,"65 000 Ft/hó",NA,"Tizeshonvéd utca 19."," Miskolc","35 m² terület","1 + 1 fél szoba",NA
"321","Videó elérhető",NA,"310 378 Ft/hó",NA,"Belgrád rakpart 23"," V. kerület","97 m² terület","3 szoba",NA
"322",NA,NA,"401 665 Ft/hó",NA,"Rákóczi út 12"," VII. kerület","72 m² terület","3 szoba","3.42 m² erkély"
"323",NA,NA,"50 000 Ft/hó",NA,"Lestyán utca"," III. kerület","10 m² terület","1 szoba",NA
"324",NA,NA,"140 000 Ft/hó",NA,"Hegyalja út 134."," XII. kerület","25 m² terület","1 szoba",NA
"325",NA,NA,"70 000 Ft/hó",NA,"Wesselényi utca"," VII. kerület","20 m² terület","1 szoba",NA
"326","Csak szoba",NA,"40 000 Ft/hó",NA,"Csinszka utca"," XVI. kerület","12 m² terület","1 szoba",NA
"327",NA,NA,"Elrejtetted ezt az ingatlant és az összes hozzá tartozó hirdetést. Legközelebb nem fog megjelenni a találati listában."," Megjelenítés","130 000 Ft/hó",NA,"Telepy utca, IX. kerület",NA,NA
"328",NA,NA,"148 000 Ft/hó",NA,"Teréz körút"," VI. kerület","56 m² terület","2 + 2 fél szoba",NA
"329","Új építésű",NA,"803 330 Ft/hó",NA,"Nagymező utca"," VI. kerület","135 m² terület","3 szoba","27 m² erkély"
"330",NA,NA,"380 000 Ft/hó",NA,"Szent István park"," XIII. kerület","92 m² terület","2 + 2 fél szoba","6 m² erkély"
"331",NA,NA,"Elrejtetted ezt az ingatlant és az összes hozzá tartozó hirdetést. Legközelebb nem fog megjelenni a találati listában."," Megjelenítés","120 000 Ft/hó",NA,"Negyvennyolcasok útja 8, Vác",NA,NA
"332",NA,NA,"Elrejtetted ezt az ingatlant és az összes hozzá tartozó hirdetést. Legközelebb nem fog megjelenni a találati listában."," Megjelenítés","120 000 Ft/hó",NA,"Auróra utca, VIII. kerület",NA,NA
"333",NA,NA,"Elrejtetted ezt az ingatlant és az összes hozzá tartozó hirdetést. Legközelebb nem fog megjelenni a találati listában."," Megjelenítés","730 300 Ft/hó",NA,"Október 6. utca, V. kerület",NA,NA
"334",NA,NA,"Elrejtetted ezt az ingatlant és az összes hozzá tartozó hirdetést. Legközelebb nem fog megjelenni a találati listában."," Megjelenítés","175 000 Ft/hó",NA,"Tűzoltó utca, IX. kerület",NA,NA
"335",NA,NA,"120 000 Ft/hó",NA,"Vasúti villasor"," Szentendre","42 m² terület","1 szoba",NA
"336",NA,NA,"Elrejtetted ezt az ingatlant és az összes hozzá tartozó hirdetést. Legközelebb nem fog megjelenni a találati listában."," Megjelenítés","100 000 Ft/hó",NA,"Tallián Gyula utca, Kaposvár",NA,NA
"337",NA,NA,"Elrejtetted ezt az ingatlant és az összes hozzá tartozó hirdetést. Legközelebb nem fog megjelenni a találati listában."," Megjelenítés","130 000 Ft/hó",NA,"Lövőház utca, II. kerület",NA,NA
"338",NA,NA,"160 000 Ft/hó",NA,"Lenhossék utca"," IX. kerület","36 m² terület","2 szoba","4.5 m² erkély"
"339",NA,NA,"273 863 Ft/hó",NA,"Szinyei Merse utca 13"," VI. kerület","80 m² terület","3 szoba",NA
"340",NA,NA,"150 000 Ft/hó",NA,"Kálmán Imre utca"," V. kerület","62 m² terület","2 szoba",NA
"341",NA,NA,"547 725 Ft/hó",NA,"Dísz tér"," I. kerület","90 m² terület","3 szoba",NA
"342","Csak szoba",NA,"94 990 Ft/hó",NA,"Máramaros út"," III. kerület","30 m² terület","1 szoba","15 m² erkély"
"343",NA,NA,"110 000 Ft/hó",NA,"Bajcsy-Zsilinszky utca"," Szigetszentmiklós","38 m² terület","1 szoba",NA
"344",NA,NA,"165 000 Ft/hó",NA,"Bolgárkertész utca"," XIV. kerület","50 m² terület","2 szoba","16 m² erkély"
"345",NA,NA,"Elrejtetted ezt az ingatlant és az összes hozzá tartozó hirdetést. Legközelebb nem fog megjelenni a találati listában."," Megjelenítés","230 000 Ft/hó",NA,"Vak Bottyán utca, XI. kerület",NA,NA
"346",NA,NA,"328 635 Ft/hó",NA,"Nagymező utca"," VI. kerület","70 m² terület","3 szoba",NA
"347",NA,NA,"602 498 Ft/hó",NA,"Bajcsy-Zsilinszky út"," VI. kerület","148 m² terület","4 szoba","6 m² erkély"
"348",NA,NA,"Elrejtetted ezt az ingatlant és az összes hozzá tartozó hirdetést. Legközelebb nem fog megjelenni a találati listában."," Megjelenítés","115 000 Ft/hó",NA,"Korong utca, XIV. kerület",NA,NA
"349",NA,NA,"Elrejtetted ezt az ingatlant és az összes hozzá tartozó hirdetést. Legközelebb nem fog megjelenni a találati listában."," Megjelenítés","220 000 Ft/hó",NA,"Wesselényi utca, VII. kerület",NA,NA
"350",NA,NA,"100 000 Ft/hó",NA,"Baross utca"," VIII. kerület","33 m² terület","1 szoba",NA
"351",NA,NA,"730 300 Ft/hó",NA,"Gárdonyi Géza út"," II. kerület","120 m² terület","4 szoba","7 m² erkély"
"352",NA,NA,"547 725 Ft/hó",NA,"Vörösmarty tér 2"," V. kerület","113 m² terület","3 szoba",NA
"353","Csak szoba",NA,"18 000 Ft/hó",NA,"Hunyadi János utca"," Kaposvár","16 m² terület","1 szoba","9 m² erkély"
"354","Csak szoba",NA,"55 000 Ft/hó",NA,"Szinyei Merse utca"," VI. kerület","12 m² terület","1 szoba",NA
"355",NA,NA,"100 000 Ft/hó",NA,"Tartsay Vilmos utca"," XII. kerület","30 m² terület","1 szoba",NA
"356","Új építésű",NA,"270 000 Ft/hó",NA,"Aranyhíd sétány 6"," Balatonfüred","65 m² terület","3 szoba","30 m² erkély"
"357",NA,NA,"Elrejtetted ezt az ingatlant és az összes hozzá tartozó hirdetést. Legközelebb nem fog megjelenni a találati listában."," Megjelenítés","140 000 Ft/hó",NA,"Teréz körút, VI. kerület",NA,NA
"358",NA,NA,"120 000 Ft/hó",NA,"Visegrádi utca"," XIII. kerület","36 m² terület","1 + 1 fél szoba",NA
"359",NA,NA,"620 755 Ft/hó",NA,"Szikla utca"," II. kerület","100 m² terület","4 szoba","6 m² erkély"
"360",NA,NA,"693 785 Ft/hó",NA,"Zugligeti út"," XII. kerület","105 m² terület","1 + 3 fél szoba",NA
"361",NA,NA,"1 095 450 Ft/hó",NA,"Rózsadomb"," II. kerület","202 m² terület","4 szoba","4 m² erkély"
"362",NA,NA,"75 000 Ft/hó",NA,"Veres Péter utca"," Győrújbarát","25 m² terület","1 szoba",NA
"363",NA,NA,"474 695 Ft/hó",NA,"Nagymező utca"," VI. kerület","150 m² terület","4 szoba","5 m² erkély"
"364","Csak szoba",NA,"29 000 Ft/hó",NA,"Vasvári Pál utca"," Nyíregyháza","12 m² terület","1 + 2 fél szoba","1 m² erkély"
"365",NA,NA,"170 000 Ft/hó",NA,"Ráday utca 31"," IX. kerület","79 m² terület","2 + 1 fél szoba",NA
"366",NA,NA,"803 330 Ft/hó",NA,"Víziváros - Váralja"," I. kerület","149 m² terület","4 szoba","11 m² erkély"
"367",NA,NA,"Elrejtetted ezt az ingatlant és az összes hozzá tartozó hirdetést. Legközelebb nem fog megjelenni a találati listában."," Megjelenítés","3 103 775 Ft/hó",NA,"Vörösmarty tér, V. kerület",NA,NA
"368",NA,NA,"120 000 Ft/hó",NA,"Maros utca 10"," XII. kerület","50 m² terület","2 szoba",NA
"369",NA,NA,"150 000 Ft/hó",NA,"Futó utca 1"," VIII. kerület","57 m² terület","2 szoba",NA
"370",NA,NA,"100 000 Ft/hó",NA,"Kézműves utca"," XVIII. kerület","28 m² terület","1 szoba",NA
"371",NA,NA,"292 120 Ft/hó",NA,"Paulay Ede utca"," VI. kerület","55 m² terület","3 szoba",NA
"372",NA,NA,"682 831 Ft/hó",NA,"Virányos"," XII. kerület","105 m² terület","4 szoba",NA
"373",NA,NA,"584 240 Ft/hó",NA,"Pasaréti út"," II. kerület","170 m² terület","4 szoba",NA
"374",NA,NA,"170 000 Ft/hó",NA,"Hőgyes Endre utca"," IX. kerület","80 m² terület","3 szoba",NA
"375",NA,NA,"1 095 450 Ft/hó",NA,"Szemlőhegy"," II. kerület","160 m² terület","4 szoba","30 m² erkély"
"376",NA,NA,"50 000 Ft/hó",NA,"Fehérvári út 150."," Győr","30 m² terület","2 szoba",NA
"377",NA,NA,"876 360 Ft/hó",NA,"Nyék"," II. kerület","220 m² terület","5 szoba","15 m² erkély"
"378","Régen frissült",NA,"2 727 671 Ft/hó",NA,"Középső-Erzsébetváros"," VII. kerület","157 m² terület","4 szoba",NA
"379","Régen frissült",NA,"1 851 311 Ft/hó",NA,"Középső-Erzsébetváros"," VII. kerület","85 m² terület","3 szoba",NA
"380","Régen frissült",NA,"1 084 496 Ft/hó",NA,"Középső-Erzsébetváros"," VII. kerület","50 m² terület","2 szoba",NA
"381","Régen frissült",NA,"1 303 586 Ft/hó",NA,"Középső-Erzsébetváros"," VII. kerület","65 m² terület","2 szoba",NA
"382",NA,NA,"620 755 Ft/hó",NA,"Németvölgy"," XII. kerület","124 m² terület","4 szoba","10 m² erkély"
"383",NA,NA,"110 000 Ft/hó",NA,"Jókai utca"," XIX. kerület","38 m² terület","1 szoba",NA
"384",NA,NA,"365 150 Ft/hó",NA,"Vörösmarty tér"," V. kerület","76 m² terület","3 szoba","2 m² erkély"
"385",NA,NA,"912 875 Ft/hó",NA,"Mártonhegy"," XII. kerület","200 m² terület","5 szoba",NA
"386",NA,NA,"438 180 Ft/hó",NA,"Zsolt utca"," I. kerület","57 m² terület","2 szoba","13 m² erkély"
"387",NA,NA,"803 330 Ft/hó",NA,"Zrínyi utca"," V. kerület","90 m² terület","3 szoba","7 m² erkély"
"388",NA,NA,"50 000 Ft/hó",NA,"Hunyadvár utca"," XVI. kerület","20 m² terület","1 szoba",NA
"389","Új építésű",NA,"839 845 Ft/hó",NA,"Hajós utca"," VI. kerület","150 m² terület","3 szoba","30 m² erkély"
"390",NA,NA,"792 484 Ft/hó",NA,"Németvölgy"," XII. kerület","140 m² terület","4 szoba","150 m² erkély"
"391",NA,NA,"912 875 Ft/hó",NA,"Herman Ottó út"," II. kerület","167 m² terület","4 szoba","16 m² erkély"
"392",NA,NA,"220 000 Ft/hó",NA,"Szondi utca 47"," VI. kerület","95 m² terület","4 szoba",NA
"393",NA,NA,"230 000 Ft/hó",NA,"Iglice utca"," Érd","88 m² terület","1 + 3 fél szoba","17 m² erkély"
"394",NA,NA,"155 000 Ft/hó",NA,"Oktogon"," VI. kerület","65 m² terület","2 szoba",NA
"395",NA,NA,"1 460 600 Ft/hó",NA,"Külső-Terézváros - Diplomatanegyed"," VI. kerület","192 m² terület","4 szoba",NA
"396",NA,NA,"511 210 Ft/hó",NA,"Rózsadomb"," II. kerület","120 m² terület","3 szoba",NA
"397",NA,NA,"346 893 Ft/hó",NA,"Lovag utca"," VI. kerület","90 m² terület","3 szoba",NA
"398",NA,NA,"657 270 Ft/hó",NA,"Törökvész út"," II. kerület","112 m² terület","4 szoba","20 m² erkély"
"399",NA,NA,"657 270 Ft/hó",NA,"Víziváros - Váralja"," I. kerület","110 m² terület","3 szoba","14 m² erkély"
"400",NA,NA,"511 210 Ft/hó",NA,"Hegedűs Gyula utca"," XIII. kerület","176 m² terület","3 szoba",NA
"401",NA,NA,"120 000 Ft/hó",NA,"Kőzúzó utca"," Szentendre","42 m² terület","1 + 1 fél szoba",NA
"402","Csak szoba",NA,"60 000 Ft/hó",NA,"Radnóti Miklós utca"," Győr","20 m² terület","3 szoba",NA
"403","Régen frissült",NA,"219 090 Ft/hó",NA,"Liszt Ferenc tér"," VI. kerület","81 m² terület","1 + 2 fél szoba",NA
"404",NA,NA,"250 000 Ft/hó",NA,"Petőfi Sándor utca"," V. kerület","99 m² terület","2 + 1 fél szoba","6 m² erkély"
"405",NA,NA,"700 000 Ft/hó",NA,"Szikla utca"," II. kerület","125 m² terület","4 + 1 fél szoba","23 m² erkély"
"406",NA,NA,"135 000 Ft/hó",NA,"Szentlászlói út"," Szentendre","44 m² terület","1 + 1 fél szoba",NA
"407",NA,NA,"354 196 Ft/hó",NA,"Széchenyi rakpart"," V. kerület","68 m² terület","3 szoba",NA
"408",NA,NA,"1 095 450 Ft/hó",NA,"Váralja utca"," I. kerület","141 m² terület","4 szoba",NA
"409",NA,NA,"803 330 Ft/hó",NA,"Andrássy út"," VI. kerület","120 m² terület","3 szoba",NA
"410",NA,NA,"720 440 Ft/hó",NA,"Bem rakpart"," I. kerület","115 m² terület","3 szoba",NA
"411",NA,NA,"230 000 Ft/hó",NA,"Andrássy út"," VI. kerület","61 m² terület","2 szoba",NA
"412",NA,NA,"200 000 Ft/hó",NA,"Kazinczy utca"," VII. kerület","69 m² terület","2 + 1 fél szoba",NA
"413",NA,NA,"Elrejtetted ezt az ingatlant és az összes hozzá tartozó hirdetést. Legközelebb nem fog megjelenni a találati listában."," Megjelenítés","270 000 Ft/hó",NA,"Munkácsy Mihály utca, VI. kerület",NA,NA
"414",NA,NA,"310 000 Ft/hó",NA,"Csalán út"," II. kerület","85 m² terület","1 + 2 fél szoba","15 m² erkély"
"415",NA,NA,"90 000 Ft/hó",NA,"Toldi Miklós utca"," Pécs","52 m² terület","2 szoba",NA
"416",NA,NA,"90 000 Ft/hó",NA,"Toldi Miklós utca"," Pécs","52 m² terület","2 szoba",NA
"417","Új építésű",NA,"292 120 Ft/hó",NA,"Dandár utca 22"," IX. kerület","60 m² terület","1 + 2 fél szoba",NA
"418",NA,NA,"1 022 420 Ft/hó",NA,"Gárdonyi Géza út"," II. kerület","160 m² terület","4 szoba",NA
"419",NA,NA,"105 000 Ft/hó",NA,"Erőmű utca"," XI. kerület","32 m² terület","1 szoba",NA
"420",NA,NA,"876 360 Ft/hó",NA,"Vigadó tér"," V. kerület","125 m² terület","3 szoba","3 m² erkély"
"421",NA,NA,"110 000 Ft/hó",NA,"Kálvária sugárút"," Szeged","82 m² terület","2 + 1 fél szoba","5 m² erkély"
"422",NA,NA,"150 000 Ft/hó",NA,"Meredek utca"," XI. kerület","45 m² terület","1 + 1 fél szoba",NA
"423",NA,NA,"693 785 Ft/hó",NA,"Városkúti út"," XII. kerület","135 m² terület","4 szoba",NA
"424",NA,NA,"480 000 Ft/hó",NA,"Orom utca"," I. kerület","88 m² terület","2 + 1 fél szoba","4 m² erkély"
"425",NA,NA,"547 725 Ft/hó",NA,"Istenhegy - Diósárok"," XII. kerület","140 m² terület","4 szoba",NA
"426",NA,NA,"620 755 Ft/hó",NA,"Pusztaszeri út"," II. kerület","115 m² terület","4 szoba",NA
"427",NA,NA,"580 589 Ft/hó",NA,"Zsolt utca"," I. kerület","135 m² terület","5 szoba","10 m² erkély"
"428",NA,NA,"547 725 Ft/hó",NA,"Só utca"," V. kerület","108 m² terület","3 szoba",NA
"429",NA,NA,"438 180 Ft/hó",NA,"Hajós utca"," VI. kerület","90 m² terület","3 szoba",NA
"430",NA,NA,"839 845 Ft/hó",NA,"Pasaréti út"," II. kerület","220 m² terület","4 szoba","10 m² erkély"
"431",NA,NA,"105 000 Ft/hó",NA,"Hegyalja út"," I. kerület","34 m² terület","1 szoba","2 m² erkély"
"432",NA,NA,"90 000 Ft/hó",NA,"Kmety György utca"," VI. kerület","38 m² terület","1 szoba",NA
"433",NA,NA,"547 725 Ft/hó",NA,"Kútvölgy"," XII. kerület","140 m² terület","4 szoba",NA
